"","PC1","PC2","PC3","PC4","PC5","PC6","PC7","PC8"
"1",-4.93141490912527,0.325740279609565,-2.08880962728032,-2.15040053318523,-1.66674229973753,0.912514864521458,-0.307328267595779,8.32667268468867e-16
"2",-4.48490753263997,-0.887449680825165,-2.17994145171324,2.98785253650789,0.481061992821273,-0.961709013611879,-0.101875881131576,1.07899800205757e-15
"3",-0.0641837249884767,-0.688550454397824,1.77995730966442,1.3461554419377,0.541757000881121,2.69464893041797,-0.182020472737882,1.08783424976333e-15
"4",6.24013987628022,2.09206337059306,-0.694583654325229,1.07374175209681,-1.58250115698048,0.0257923408478687,0.839307385615263,1.66533453693773e-16
"5",6.34383830515064,-3.04664643000678,-1.68871427388544,-1.39566285027147,1.19678197870033,-0.172084621746985,-0.174782865036997,6.10622663543836e-16
"6",-3.18340140315143,2.21251175047041,0.481987018611427,-1.38849531269506,2.04624748772197,-0.267259645586217,0.885273744091926,9.12464548363801e-16
"7",-1.97591239261663,-2.70695575558696,3.07735813391423,-0.393961287935959,-1.2053651786961,-1.24713447489404,0.328366668324379,8.76035355368288e-16
"8",2.05584178109093,2.69928692014369,1.31274654501415,-0.0792297464546691,0.188760175289411,-0.984768379948178,-1.28694031152933,7.06195085048433e-16
